EA01,be動詞現在,I'm  You're,,EB01,実戦対策,1番対策(1)
EA02,be動詞現在,This is ,,EB02,実戦対策,1番対策(2)
EA03,be動詞現在,複数形,,EB03,実戦対策,2番対策(1)
EA04,be動詞現在,these those ,,EB04,実戦対策,2番対策(2)
EA05,be動詞現在,代名詞の格変化,,EB05,実戦対策,3番対策(1)
EA06,一般動詞現在,一般動詞(1),,EB06,実戦対策,3番対策(2)
EA07,一般動詞現在,一般動詞(2)3単元s,,EB07,実戦対策,4番対策(1)
EA08,一般動詞現在,否定文,,EB08,実戦対策,4番対策(2)
EA09,一般動詞現在,疑問文,,EB09,実戦対策,5番対策(1)
EA10,一般動詞現在,疑問詞疑問文(1),,EB10,実戦対策,5番対策(2)
EA11,一般動詞現在,疑問詞疑問文(2),,EB11,実戦対策,6番対策(1)
EA12,一般動詞現在,疑問詞疑問文(3),,EB12,実戦対策,6番対策(2)
EA13,一般動詞現在,現在進行形,,,,
EA14,be動詞過去,be動詞過去,,,,
EA15,be動詞過去,there is (are),,,,
EA16,一般動詞過去,規則変化動詞,,,,
EA17,一般動詞過去,不規則変化動詞,,,,
EA18,一般動詞過去,過去進行形,,,,
EA19,助動詞,助動詞(1),,,,
EA20,助動詞,助動詞(2),,,,
EA21,助動詞,助動詞(3),,,,
EA22,助動詞,助動詞(4),,,,
EA23,不定詞,不定詞(1),,,,
EA24,不定詞,不定詞(2),,,,
EA25,不定詞,不定詞(3),,,,
EA26,動名詞,動名詞,,,,
EA27,受動態,受動態,,,,
EA28,現在完了,現在完了(1),,,,
EA29,現在完了,現在完了(2),,,,
EA30,現在完了,現在完了(3),,,,
EA31,不定詞特別用法,疑問不定詞,,,,
EA32,不定詞特別用法,"so  that  , too to",,,,
EA33,不定詞特別用法,it  for  to,,,,
EA34,接続詞,that ,,,,
EA35,関係代名詞,関係代名詞(1),,,,
EA36,関係代名詞,関係代名詞(2),,,,
EA37,関係代名詞,関係代名詞(3),,,,
EA38,間接疑問文,間接疑問文,,,,
