MA01,分数,通分,,MB01,式の計算,展開復習
MA02,分数,約分,,MB02,式の計算,Aで置き換え展開
MA03,分数,通分和差,,MB03,式の計算,Aで置き換え因数分解
MA04,分数,1＋分数,,MB04,展開,展開
MA05,分数,2＋分数,,MB05,因数分解,たすき掛け利用
MA06,分数,帯分数→仮分数,,MB06,因数分解,様々な因数分解(1)
MA07,分数,仮分数→帯分数,,MB07,因数分解,様々な因数分解(2)
MA08,分数,分数のかけ算,,MB08,実数,分母の有理化
MA09,分数,分数の割算,,MB09,不等式,一次不等式計算
MA10,分数,小数のかけ算,,MB10,不等式,一次不等式応用(1)
MA11,分数,小数のわり算,,MB11,不等式,一次不等式応用(2)
MA12,正負の数,和差(1),,MB12,集合と命題,集合
MA13,正負の数,和差(2),,MB13,集合と命題,命題(1)
MA14,正負の数,かけ算わり算,,MB14,集合と命題,命題(2)
MA15,正負の数,注意すべき差,,MB15,2次関数,頂点座標
MA16,正負の数,和差積混合,,MB16,2次関数,平方完成
MA17,正負の数,(　　)のついた計算,,MB17,2次関数,様々な問題
MA18,文字式の計算,和差,,MB18,2次関数,二次不等式
MA19,文字式の計算,かけ算わり算,,MB19,2次関数,判別式
MA20,連立方程式,加減法,,MB20,三角比,三角比
MA21,連立方程式,代入法,,MB21,三角比,三角比の拡張
MA22,展開,展開(1),,MB22,三角比,三角比の相互関係
MA23,展開,展開(2),,MB23,三角比,高さを求める
MA24,展開,展開(3),,MB24,三角比,正弦定理
MA25,展開,展開(4),,MB25,三角比,余弦定理
MA26,因数分解,因数分解(1),,MB26,データの分析,代表値
MA27,因数分解,因数分解(2),,MB27,データの分析,四分位数と箱ひげ図
MA28,因数分解,因数分解(3),,MB28,データの分析,分散とデータの相関
MA29,因数分解,因数分解(4),,,,
MA30,平方根,平方根の性質(1),,,,
MA31,平方根,平方根の性質(2),,,,
MA32,平方根,和差(1),,,,
MA33,平方根,和差(2),,,,
MA34,平方根,分母の有理化,,,,
MA35,二次方程式,二次方程式(1),,,,
MA36,二次方程式,二次方程式(2),,,,
MA37,二次方程式,二次方程式(3),,,,
MA38,二次方程式,二次方程式(4),,,,
